Id,Title,Main Channel ID,Main Channel Title,HardTag1,HardTag2,HardTag3,US PScore,Dead,
UC1yBKRuGpC1tSM73A0ZjYjQ,The Young Turks,,,,,,871.58282,FALSE,e
UCgRvm1yLFoaQKhmaTqXk9SA,NowThis,,,,,,,FALSE,
UCzUV5283-l5c0oKRtyenj6Q,Mark Dice,,,ManoelAltLite,,,,FALSE,
UCnQC_G5Xsjhp9fEJKuIcrSw,Ben Shapiro,,,ManoelIDW,,,,FALSE,
UCf4FYTsGFFcdc68AUPIU3RA,BuzzFeed News,,,Mainstream News,,,,FALSE,
UCJdKr0Bgd_5saZYqLCa9mng,The Rubin Report,,,AIN,ManoelIDW,,807.92517,FALSE,
UCV3Nm3T-XAgVhKH9jT0ViRg,AJ+,,,Mainstream News,,,,FALSE,
UCKZGcrxRAhdUi58Mdr565mw,African Diaspora News Channel,,,,,,,FALSE,
UCDgchsbJnrX604K-xWsd-fQ,Hunter Avallone,,,,,,,FALSE,
UChwwoeOZ3EJPobW83dgQfAg,WeAreChange,,,,,,,FALSE,
UCvixJtaXuNdMPUGdOPcY8Ag,David Pakman Shown,,,,,,,FALSE,
UCDmCBKaKOtOrEqgsL4-3C8Q,Blair White,,,AIN,,,,FALSE,
UC0uVZd8N7FfIZnPu0y7o95A,ReasonTV,,,ManoelIDW,,,,FALSE,
UCBDrbqudUtPUQxAK_K2JaNQ,Lisa Haven,,,,,,,FALSE,
UCsGg9JQ4X7u2A6gCEmtVRmw,The Liberty Hound,,,,,,,FALSE,
UCQcPBLsq9rRc5TxDqSz_Dog,The Black World,,,,,,,FALSE,
UCLUrVTVTA3PnUFpYvpfMcpg,Lauren Chen,,,AIN,ManoelAltLite,,,FALSE,
UCrmm_7RDZJeQzq2-wvmjueg,The Real News,,,Mainstream News,,,,FALSE,
UCG749Dj4V2fKa143f8sE60Q,Tim Pool,,,AIN,,,,FALSE,
UCYWIEbibRcZav6xMLo9qWWw,The Ring of Fire,,,,,,,FALSE,
UC0RJJ_Wm7jyOU9eY10LgcwA,AdamKokesh,,,,,,,FALSE,
UC7Edgk9RxP7Fm7vjQ1d-cDA,FeministFrequency,,,ManoelControl,,,,FALSE,
UC-3jIAlnQmbbVMV6gR7K8aQ,The Majority Report w/ Sam Seder,,,,,,,FALSE,
UCIveFvW-ARp_B_RckhweNJw,Steven Crowder,,,AIN,ManoelAltLite,,884.17609,FALSE,
UCzIjg5vIfBGcdyLWu6lhXxw,Julie Borowski,,,ManoelAltLite,,,,FALSE,
UCctjGdm2NlMNzIlxz02IsXA,Chris Ray Gun,,,AIN,,,,FALSE,
UC3XTzVzaHQEd30rQbuvCtTQ,LastWeekTonight,,,TV,,,900.31018,FALSE,
UCa6vGFO9ty8v5KZJXQxdhaw,Jimmy Kimmel Live,,,TV,,,1022.8678,FALSE,
UClFSU9_bUb4Rc6OYfTt5SPw,Philip DeFranco,,,,,,,FALSE,
UCupvZG-5ko_eiXAupbDfxWw,CNN,,,Mainstream News,TV,,1002.8795,FALSE,
UCzQUP1qoWDoEbmsQxvdjxgQ,PowerfulJRE,,,,,,925.3642,FALSE,
UCZaT_X_mc0BI-djXOlfhqWQ,VICE News,,,Mainstream News,TV,,,FALSE,
UCaXkIU1QidjPwiAYu6GcHjg,MSNBC,,,Mainstream News,TV,,956.06201,FALSE,
UCXIJgqnII2ZOINSWNOGFThA,Fox News,,,Mainstream News,TV,,1014.6294,FALSE,
UCczrL-2b-gYK3l4yDld4XlQ,RT America,UCpwvZwUam-URkxB7g4USKpg,RussiaToday,Mainstream News,TV,,,FALSE,
UC6ZFN9Tx6xh-skXCuRHCDpQ,PBS NewsHour,UCgyeJxD05YnoDquRMNBfBqw,PBS,Mainstream News,TV,,,FALSE,
UCjXB7nX8bL2U2sje8d212Yw,Roland S. Martin,,,,,,,FALSE,
UCHd62-u_v4DvJ8TCFtpi4GA,Washington Post,,,Mainstream News,TV,ManoelControl,,FALSE,
UCzuqE7-t13O4NIDYJfakrhw,Democracy Now!,,,ManoelControl,,,,FALSE,
UCNye-wNBqNL5ZzHSJj3l8Bg,Al Jazeera English,,,Mainstream News,TV,,843.44006,FALSE,
UCeY0bbntWzzVIaj2z3QigXg,NBC News,,,Mainstream News,TV,,,FALSE,
UCaeO5vkdj5xOQHp4UmIN6dw,The Daily Wire,,,AIN,ManoelIDW,,,FALSE,
UCmhT57vCaS4kPIalY_rrysg,Political News Networks,,,,,,,FALSE,
UCnxGkOGNMqQEUMvroOWps6Q,JRE Clips,,,AIN,ManoelIDW,,902.33325,FALSE,
UCrm7RGOsstgF4qAG5mFGK-w,Joe Rogan University - Fan Channel,,,AIN,,,,FALSE,
UCK7tptUDHh-RYDsdxO1-5QQ,Wall Street Journal,,,Mainstream News,,,802.5412,FALSE,
UCvJJ_dzjViJCoLf5uKUTwoA,CNBC,,,Mainstream News,TV,,,FALSE,
UCqnbDFdCpuN8CMEg0VuEBqA,The New York Times,,,Mainstream News,,,801.95447,FALSE,
UCVSNOxehfALut52NbkfRBaA,VOA News,,,Mainstream News,,,,FALSE,
UCP6HGa63sBC7-KHtkme-p-g,USA TODAY,,,Mainstream News,TV,,799.96228,FALSE,
UCK0z0_5uL7mb9IjntOKi5XQ,The Atlantic,,,Mainstream News,ManoelControl,,,FALSE,
UCUMZ7gohGI9HcU9VNsr2FJQ,Bloomberg,,,Mainstream News,,,,FALSE,
UC0p5jTq6Xx_DosDFxVXnWaQ,The Economist,,,Mainstream News,ManoelControl,,,FALSE,
UCJg9wBPyKMNA5sRDnvzmkdg,FOX 10 Phoenix,,,Mainstream News,TV,,,FALSE,
UCsD-Qms-AkXDrsU962OicLw,The New Yorker,,,Mainstream News,ManoelControl,,,FALSE,
UCldfgbzNILYZA4dmDt4Cd6A,Secular Talk,,,,,,,FALSE,
UCGy6uV7yqGWDeUWTZzT3ZEg,Rebel Media,,,AIN,ManoelAltLite,,,FALSE,
UC18vz5hUUqxbGvym9ghtX_w,Full Frontal with Samantha Bee,,,TV,,,,FALSE,
UCIZBXVGIJoJMXf8giib0IiQ,James Allsup,,,AIN,ManoelAltRight,,,FALSE,
UC8p1vwvWtl6T73JiExfWs1g,CBS News,,,Mainstream News,TV,,878.50104,FALSE,
UCY0YIply-je0EhSWLgpftVw,BEME News,,,,,,,FALSE,
UCIpwPuJsrboNnf200oV8cWQ,Fleccas Talks,,,,,,,FALSE,
UCmrLCXSDScliR7q8AxxjvXg,Black Pigeon Speaks,,,AIN,ManoelAltRight,,,FALSE,
UCZfsrIV68Oegr5bJgAMLBDA,HuffPost,,,Mainstream News,ManoelControl,,,FALSE,
UC0aVoboXBUx2-tVIWHc3W2Q,MILO,,,AIN,ManoelAltLite,,,FALSE,
UCB1o7_gbFp2PLsamWxFenBg,X22Report,,,,,,,FALSE,
UCC3L8QaxqEGUiBC252GHy3w,Stefan Molyneux,,,AIN,ManoelAltLite,,,FALSE,
UC8bTQzxgvKkXDAaWkeuUlkg,Trevor Noah,,,TV,,,,FALSE,
UCittVh8imKanO_5KohzDbpg,Paul Joseph Watson,,,AIN,ManoelAltLite,,,FALSE,
UCa3-BNaCeCvGSfhMuotYskg,Lionel Nation,,,,,,,FALSE,
UCAhmDfQ1LfOYECmNNWgXJ7Q,David Icke,,,,,,,FALSE,
UCJ7hqXLdgXlzjKpZY-K_6HA,Chelsea,,,TV,,,,FALSE,
UCWq53_f3zgMcWuE-XFKSpyQ,PJ Media,,,ManoelControl,,,,FALSE,
UC-yewGHQbNFpDrGM0diZOLA,Sargon of Akkad,,,AIN,ManoelIDW,,,FALSE,
UCqlYzSgsh5jdtWYfVIBoTDw,Fox News Insider,,,Mainstream News,TV,,,FALSE,
UCb--64Gl51jIEVE-GLDAVTg,C-SPAN,,,ManoelControl,Mainstream News,TV,,FALSE,
UCLoNQH9RCndfUGOb2f7E1Ew,The Next News Network,,,,,,,FALSE,
UC2nQYGjfe9I_tgWpqgJorUg,SGTreport,,,,,,,FALSE,
UCNbIDJNNgaRrXOD7VllIMRQ,One America News Network,,,,,,,FALSE,
UC7e57qWIEAZTQAaFwHpKdlw,SomeBlackGuy,,,AIN,,,,FALSE,
UC0rZoXAD5lxgBHMsjrGwWWQ,Styxhexenhammer666,,,AIN,ManoelAltLite,,,FALSE,
UCxzcBfvmeLmUNjlyM7FMgFg,Larry King,,,,,,,FALSE,
UCu8ebUHoKbhVY0tavNdhwvw,Anthony Brian Logan,,,,,,,FALSE,
UC-jlxuVAVEl2PXTaGno7gSA,SJWCentral,,,AIN,ManoelAltLite,,,FALSE,
UC7Q4rvzJDbHeBHYk5rnvZeA,The Humanist Report,,,,,,,FALSE,
UCWXPkK02j6MHW-4xCJzgMuw,Golden State Times,,,,,,,FALSE,
UCuMo0RRtnNDuMB8DV5stEag,Rebel HQ,,,,,,,FALSE,
UCKgJEs_v0JB-6jWb8lIy9Xw,TheBlaze,,,ManoelAltLite,,,,FALSE,
UCw5pSFA1KVZJruigo_FVv2Q,OpenMind,,,,,,,FALSE,
UClJ8Z0YvEm-ClFj3fdQgQkw,The Iconoclast,,,ManoelAltLite,,,,FALSE,
UCtZIK88xkeTXf49BgVXs0HA,Trump Fan Network,,,,,,,FALSE,
UCjo1uN-aM3rmBV46xj7l2KA,John Stossel,,,,,,,FALSE,
UCeZ3rXtghQn72DPeeH4Tu7g,KGP TV,,,,,,,FALSE,
UCe02lGcO-ahAURWuxAJnjdA,Timcast,UCG749Dj4V2fKa143f8sE60Q,Tim Pool,AIN,,,,FALSE,
UCUSySH2YjIwsDu2Hx6DWwTA,dollemore,,,,,,,FALSE,
UCh2p1Pb4o-NXQsbL__ikakw,GLOBAL News,,,TV,Mainstream News,ManoelControl,,FALSE,
UCwpDBy43upJR7LZLrgnKkPA,"Don't Walk, Run! Productions",,,,,,,FALSE,
UCHkapYFq5ev4PDAxZQ_PF9Q,Skavlan,,,Mainstream News,,,,FALSE,
UC7PfGhJXlJiDs4jvGGGgqsQ,StudioBrule,,,,,,,FALSE,
UCu_u-P3cBFO7D-sAjxd_I-w,The Agenda with Steve Paikin,,,TV,Mainstream News,,,FALSE,
UCJ-qLG1bdWVrHM-Hu2W73CQ,Operation Freedom,,,,,,,FALSE,
UC4-AGCUwX7C-D4BsBook9fQ,YAFTV,,,ManoelIDW,,,,FALSE,
UCRPdcY4_Al8TrRtgkMzkrQQ,Tony's - 24/7 Eyes,,,,,,,FALSE,
UCMfKNuYXBc9bxb0fg2cGTBg,Tipping Point With Liz Wheeler on OAN,,,,,,,FALSE,
UCDow765I-QrmVp9Kfz0HqGA,Florida Maquis,,,,,,,FALSE,
UC7qCAvNXX0Pi05tufrDN0XQ,Adam Carolla,,,,,,,FALSE,
UCVrK_pMRp_q8IelpfUCTGLQ,Turning Point USA,,,ManoelAltLite,,,,FALSE,
UCK70NBiy-dXseWDTfWDIVlQ,Connors Conquest,,,,,,,FALSE,
UCrp_UI8XtuYfpiqluWLD7Lw,CNBC Television,,,TV,Mainstream News,,,FALSE,
UCLMjHGVwfhKfPVd2LarCAjw,David Heavener,,,,,,,FALSE,
UCqxzXCQqNQ9wSwHPtZKHrlQ,Domination Station,,,ManoelAltLite,,,,FALSE,
UCod8IyoN-ua9gDxlDpoEklQ,kytekuttertv,,,,,,,FALSE,
UCXyLkBdJzh3SfFw6GvHkXKw,Atheism-is-Unstoppable-2,,,,,,,FALSE,
UC7K0wNhrt6fQdTj9zQQwLtw,The Josh Bernstein Show,,,,,,,FALSE,
UCyXhXAmTRVfeiD8JkWJ7Tzg,MeaningofLife.tv,,,ManoelIDW,,,,FALSE,
UC_qQ2_AVAh8pzj7yklimASQ,Kalvin Garrah,,,,,,,FALSE,
UC2TNY0ME37MkgM15RpORfIw,Rekt Idiots,,,ManoelIDW,,,,FALSE,
UCaFNs3ETMvkmy0JahAS6WJA,Logicked,,,,,,,FALSE,
UCEL5udLvhpEOG8Lc9O-xbmQ,Metokurist Murdochian Archiver,,,,,,,FALSE,
UC5ft8escJDZqT-QIWkHsImQ,Oof Curator,,,,,,,FALSE,
UC1Y7SRZlf6BNmBPakawhLXA,Shmufkin TV,,,,,,,FALSE,
UClFLXO6ecX-ucJp9gGJYiDw,Counter Arguments,,,,,,,FALSE,
UC7SeFWZYFmsm1tqWxfuOTPQ,Count Dankula,,,ManoelAltRight,,,774.0011,FALSE,
UCQZdMTHwIw_fZRk0wI8oqkQ,Dismantle The Matrix,,,ManoelAltRight,,,,FALSE,
UCfI7lYIToulrt868GBLHn7Q,MNN NYC,,,,,,,FALSE,
UC2h3yPmh9TfQv2z3aTDTHHA,Andywarski,,,ManoelAltLite,,,,FALSE,
UCka_dz0F1gYuvN8LTefNcJQ,Bunty King,,,AIN,,,464.16699,FALSE,
UCZeP6H2mELnRI9imY5Iga0g,Ayla Stewart Wife with a Purpose,,,AIN,ManoelAltRight,,,FALSE,
UCesrUK_dMDBZAf7cnjQPdgQ,Brittany Pettibone,,,AIN,ManoelAltLite,,,FALSE,
UCFpvg5yg5fMda91yiI1owSQ,Caolan Robertson,,,AIN,,,,FALSE,
UCpiCH7qvGVlzMOqy3dncA5Q,The Thinkery,,,AIN,ManoelAltLite,,,FALSE,
UC5tEELgWBfKbA9fVPRzBzPQ,Coach Red Pill,,,AIN,,,,FALSE,
UCT9D87j5W7PtE7NHOR5DUOQ,Computing Forever,,,AIN,ManoelAltLite,,,FALSE,
UClMWnUHbxJKJLUgloN1mPUA,Faith J Goldy,,,AIN,ManoelAltRight,,,FALSE,
UCFUC7NaTxZanB_FVOJN92eg,Red Ice TV,,,AIN,ManoelAltRight,,,TRUE,
UCL9PlYkRD3Q-RZca6CCnPKw,Project Veritas,,,AIN,ManoelControl,,,FALSE,
UCEE8w-v6Gg4j3ze3oX-urEw,Project Veritas Action,,,AIN,,,,FALSE,
UCMLbmp5tcLxzahMLTmeM4lg,American Renaissance,,,AIN,ManoelAltRight,,,FALSE,
UCowcNKm1w2GGw5U_XQeduhg,Jean-Francois Gariépy,,,AIN,ManoelAltRight,,664.50531,FALSE,
UCAldq8BAAGdsX9UyK_09-ZA,Jeff Holiday,,,AIN,,,,FALSE,
UC87YBeLMwXhgaw5tcCxsXgQ,Mike Cernovich,,,AIN,ManoelAltLite,,,FALSE,
UCLfhh63n0fWn0gXXKQ5NWvw,Millennial Woes,,,AIN,ManoelAltRight,,,FALSE,
UCfYbb7nga6-icsFWWgS-kWw,Mister Metokur,,,AIN,ManoelAltRight,,,FALSE,
UCKEt1xKVBLuL175dkk8rqLg,Mouthy Buddha,,,AIN,,,,FALSE,
UCsJ86N5n7fcEC_Ds8dYJKzA,America First with Nicholas J Fuentes,,,AIN,ManoelAltLite,,,FALSE,
UCyQsQSKayfcZoHaCjqxxSlg,Owen Benjamin,,,AIN,ManoelIDW,,,FALSE,
UC554eY5jNUfDq3yDOJYirOQ,Destiny,,,AIN,,,750.06653,FALSE,
UCLJkNhB1Eg_mXx0quUju0Og,That Guy T,,,AIN,,,,FALSE,
UCmtALVZjXFzb4v3fIXDmDyw,The Reality Calls Show,,,AIN,,,,FALSE,
UCAgBUlIpzlJaE0693J3s97w,Baked Alaska,,,AIN,ManoelAltRight,,,FALSE,
UCMtFAi84ehTSYSE9XoHefig,The Late Show with Stephen Colbert,,,TV,,,1047.9419,FALSE,
UCwWhs_6x42TyRM4Wstoq8HA,The Daily Show with Trevor Noah,,,TV,,,1027.056,FALSE,
UCZWlSUNDvCCS1hBiXV0zKcA,PragerU,,,AIN,ManoelIDW,,,FALSE,
UCy6kyFxaMqGtpE3pQTflK8A,Real Time with Bill Maher,,,TV,,,,FALSE,
UCVTyTA7-g9nopHeHbeuvpRA,Late Night with Seth Meyers,,,TV,,,1046.9635,FALSE,
UCeH6qE4V7n5tVwP7NkdrtJg,The View,,,TV,,,806.25671,FALSE,
UCLXo7UDZvByw2ixzpQCufnA,Vox,,,Mainstream News,ManoelControl,,858.90521,FALSE,
UCZNk7Jjb2t8EuBdgn4Zj1cw,No Bullshit,,,AIN,ManoelAltLite,,,FALSE,
UC3M7l8ved_rYQ45AVzS0RGA,The Jimmy Dore Show,,,,,,,FALSE,
UCLH7qUqM0PLieCVaHA7RegA,Gad Saad,,,ManoelIDW,,,,FALSE,
UCL-KWzX_hw7yfVR7WPQxIeA,T Я U Σ Ð I L T O M,,,,,,,FALSE,
UCIozLvxEM3CwkhC8B9pGD9Q,Jamarl Thomas,,,,,,,FALSE,
UCK-6FjMu9OI8i0Fo6bkW0VA,Democracy At Work,,,,,,,FALSE,
UCeamuoYuBeRnRRbmq5CmjVg,Bloggingheads.tv,,,ManoelIDW,,,,FALSE,
UCNvsIonJdJ5E4EXMa65VYpA,ContraPoints,,,,,,,FALSE,
UCL_f53ZEJxp8TtlOkHwMV9Q,Jordan Peterson,,,ManoelIDW,,,,FALSE,
UCjNxszyFPasDdRoD9J6X-sw,TheAmazingAtheist,,,,,,,FALSE,
UCbjBOso0vpWgDht9dPIVwhQ,Thom Hartmann Program,,,,,,,FALSE,
UCptHRIwEDG34Ffu0AB5MsbQ,Stephanie Miller Show,,,,,,,FALSE,
UCpU4j-LN_aibXA1gONvWzxw,Mike Malloy,,,,,,,FALSE,
UCQuX4jRgybTdKu5YvVKfVSw,Bill Press Video,,,,,,,FALSE,
UCFLRxVeYcB1H7DbuYZQG-lg,The Laura Flanders Show,,,,,,,FALSE,
UCcnNWp-tx3-FaCWV4pMFTAg,The Zero Hour with RJ Eskow,,,,,,,FALSE,
UCo9oQdIk1MfcnzypG3UnURA,The Rational National,,,,,,,FALSE,
UCjRXO-HSl5XpuF-cWvtMV_g,TBTV,,,,,,,FALSE,
UC0pCsHlEEmCfxllZSlRB2Og,Status Coup,,,,,,,FALSE,
UCwFnxeT6z_ZO-fG2zGubPLw,Ron Placone,,,,,,,FALSE,
UCyvaZ2RHEDrgKXz43gz7CbQ,Redacted Tonight,,,,,,,FALSE,
UCT3v6vL2H5HK4loLMc8pmCw,VisualPolitik EN,,,,,,,FALSE,
UCyuAKnN3g2fZ7_R9irgEUZQ,The Exploration with William C. Fox,,,,,,,FALSE,
UCnxuOd8obvLLtf5_-YKFbiQ,Ezra Klein Show,,,,,,,FALSE,
UCfrlXVXz-pT9AmmDELhpyOw,Justin Murphy,,,,,,,FALSE,
UCdHT7KB1gDAXZYpPW71fn0Q,The Distributist,,,,,,,FALSE,
UCqZMgLgGlYAWvSU8lZ9xiVg,Rationality Rules,,,,,,,FALSE,
UC7kIy8fZavEni8Gzl8NLjOQ,CosmicSkeptic,,,,,,,FALSE,
UCNAxrHudMfdzNi6NxruKPLw,Sam Harris,,,AIN,ManoelIDW,,,FALSE,
UCfsuI3-92QNO3DVy06PO9wg,Skeptic,,,,,,,FALSE,
UCvQECJukTDE2i6aCoMnS-Vg,Big Think,,,ManoelControl,,,,FALSE,
UCAuUUnT6oDeKwE6v1NGQxug,TED,,,,,,,FALSE,
UCsT0YIqwnpJCM-mx7-gSA4Q,TEDx Talks,,,,,,,FALSE,
UCBjBZmguQzn6WCYR7DQykLw,TED Fellows,,,,,,,FALSE,
UCl9roQQwv4o4OuBj3FhQdDQ,The Damage Report,UC1yBKRuGpC1tSM73A0ZjYjQ,The Young Turks,,,,,FALSE,
UCPhKAfBMRI-GDozE1ldix3A,Ana Kasparian,UC1yBKRuGpC1tSM73A0ZjYjQ,The Young Turks,,,,,FALSE,
UCvb-DqrtgHRX-hPypnjfkdw,The Point with Ana Kasparian,UC1yBKRuGpC1tSM73A0ZjYjQ,The Young Turks,,,,,FALSE,
UCKw8kdkYfmuNSVehGoDw8Mg,TYT Interviews,UC1yBKRuGpC1tSM73A0ZjYjQ,The Young Turks,,,,,FALSE,
UCIAXaU6LIcZyoHYWqVLM4wg,TYT Nation,UC1yBKRuGpC1tSM73A0ZjYjQ,The Young Turks,,,,,FALSE,
UC17knbFWwBQOSaLCiTO_5jw,Acronym TV,UC1yBKRuGpC1tSM73A0ZjYjQ,The Young Turks,,,,,FALSE,
UCfDdlNLRVb1h3_7Xh-WhL3w,TheDC Shorts,,,,,,,FALSE,
UCElqfal0wzzpLsHlRuqZjaA,Alexandria Ocasio-Cortez,,,Politician,,,,FALSE,
UCy6Q3wg-PgsgO2XtQxZpZEg,ADAM FRIENDED,,,,,,,FALSE,
UCyGEPFftZEOU1v6RtU73ylA,PSA Sitch,,,,,,,FALSE,
UC8RJExf7iNpV6tp6hvNtwww,Vee,,,AIN,ManoelAltLite,,,FALSE,
UCi5N_uAqApEUIlg32QzkPlg,Bret Weinstein,,,,,,,FALSE,
UCR85PW_B_7_Aisx5vNS7Gjw,Eric Weinstein,,,,,,,FALSE,
UCm13xHVNFVwzHzK3QHSaZ3Q,Benjamin A Boyce,,,ManoelIDW,,,,FALSE,
UCfwE_ODI1YTbdjkzuSi1Nag,TheQuartering,,,,,,,FALSE,
UCFQ6Gptuq-sLflbJ4YY3Umw,Rebel Wisdom,,,ManoelIDW,,,,FALSE,
UCkNJfjuNyIopt8UyC5ofhwg,Planned Parenthood,,,,,,,FALSE,
UCaDVcGDMkvcRb4qGARkWlyg,SoulPancake,,,,,,,FALSE,
UCNHVVFmsJL8vk0VHnBU_GBw,Libertatem,,,,,,,FALSE,
UCVF8SAGEQnBA-yKM4iQNqfw,Riley J. Dennis,,,,,,,FALSE,
UCa1DgvQUuQnJmMCwlxZ7SSg,We the Internet TV,,,,,,,FALSE,
UCB0XYqBHnsSg-CR-qHF7pGg,Family Policy Institute of Washington,,,,,,,FALSE,
UCWsiCjgGjMxOL_lVFo8wMHg,Tomorrow's World Viewpoint,,,,,,,FALSE,
UC059kFc5oApruDS2QFmZfeA,Autumn Asphodel,,,,,,,FALSE,
UCswH8ovgUp5Bdg-0_JTYFNw,Russell Brand,,,,,,,FALSE,
UCjH72OaQxPoKgtv56C-4NOA,Tariq Radio,,,,,,,FALSE,
UCCUQbQivBq233fSOm39kg1w,TBA,,,,,,,FALSE,
UChDKyKQ59fYz3JO2fl0Z6sg,TODAY,,,TV,Mainstream News,,,FALSE,
UCLrVxw4H4ZJ3LovpdbzF7bw,The Fallen State,,,ManoelAltLite,,,,FALSE,
UC51_awyLXl2nxCduuzzmw4w,LibertyPen,,,,,,,FALSE,
UCzWwWbbKHg4aodl0S35R6XA,HooverInstitution,,,,,,,FALSE,
UCZm2IEBVHdtaAhSyYhWu9mg,InstituteForJustice,,,,,,,FALSE,
UCyl7zwI6giPG6zC3uC8GGVg,The Cato Institute,,,,,,,FALSE,
UCFJNcE0iHj7P6dhp5iCZRLg,Learn Liberty,,,ManoelControl,,,,FALSE,
UCKtFwcQCsl1ttW2CgOqFMUQ,Mercatus Center,,,,,,,FALSE,
UC5bEfSFTYQVfLCwkhBt8NtQ,The Heritage Foundation,,,ManoelIDW,,,,FALSE,
UCHqkXbgqrDrDVInBMSoGQgQ,The Daily Signal,,,,,,,FALSE,
UCt8lRYpzb-sSrKFb4DT2ECw,American Enterprise Institute,,,ManoelControl,,,,FALSE,
UCNiNWbmPWehjpQohglWsKxw,The Red Elephants Vincent James,,,AIN,,,,FALSE,
UCDuIxfEt_VoI1yfARYmfCGA,Vincent James of The Red Elephants,,,AIN,ManoelAltLite,,,FALSE,
UCxWqlhmDlq4nQ0Jv5hD2wlw,SHUTTERSHOT45,,,,,,,FALSE,
UCNxZtF2pZWV7Squ4AQtGpkA,Very Fake News,,,,,,,FALSE,
UC3X8lQvudZJ6fMsL7WwqEDw,Airliner World & More,,,,,,,FALSE,
UCAJqGdQ-KO8jEcsEx4PA-Lg,The Common Sense Conservative,,,,,,,FALSE,
UCtcX0OObQQRC9XiU26P-V9A,American Patriot,,,,,,,FALSE,
UCtBfQmeHxSMsU2ghPAhGoRQ,Gotcha News Network,,,,,,,FALSE,
UCenxjWEkb0Sv67vejOgZ3Tg,IntelligenceSquared Debates,,,,,,,FALSE,
UCCHIKONeGp9nlB9XNhsLbRQ,The Conservative Station,,,,,,,FALSE,
UCy-N04M3rGQMznjIv5g2LGQ,The Patriotic Report,,,,,,,FALSE,
UClHpw6AX6AAKHQCaWtGVqSg,TheWishmaster,,,,,,,FALSE,
UC0hVVwpx_zoLEuKI8bOgFdg,NumbersUSA,,,,,,,FALSE,
UCJjSDX-jUChzOEyok9XYRJQ,Jubilee,,,,,,868.01239,FALSE,
UCvQ2kejN6UkrEVhE5oiYwBw,GOP War Room,,,Politician,,,,FALSE,
UCMRxoFJPZiBcxgFzxN0ao-w,Slightly Offens*ve,,,ManoelAltLite,,,,FALSE,
UCabaQPYxxKepWUsEVQMT4Kw,Healthcare Triage,,,,,,,FALSE,
UCm5J1Fu_dHgBcMTpXu-NXUw,Pangburn Philosophy,,,ManoelIDW,,,,FALSE,
UCJ6o36XL0CpYb6U5dNBiXHQ,Shaun,,,,,,,FALSE,
UClt01z1wHHT7c5lKcU8pxRQ,hbomberguy,,,,,,,FALSE,
UC8Cl9QaRtuW9CNjP7pP4BBQ,Jason Goodman,,,,,,,FALSE,
UCrQ-wHKVi0JDWjQGcuoYnew,George Webb,,,,,,,FALSE,
UCv0dEcvXLOf4ZFvjCahK4Lw,American Intelligence Media,,,,,,,FALSE,
UCVxYHHMK9DcnMup3t2A15qg,Right Wing News!,,,,,,,FALSE,
UCIjuLiLHdFxYtFmWlbTGQRQ,Peter Schiff,,,,,,,FALSE,
UCsgWR55UyAiFarZYl1u1l9Q,TomWoodsTV,,,,,,,FALSE,
UCkJ1N-7g9Q6n7KnriGit-Ig,RonPaulLibertyReport,,,Politician,ManoelControl,,,FALSE,
UCsnG5Ld5iYFIyAaW5oifzgQ,Blackstone Intelligence Network,,,,,,,FALSE,
UCpimAnNpH_JQxDa0YMTwdnw,HighImpactVlogs,,,,,,,FALSE,
UCuNfok7ozooi0LZgp6JJS4A,RichieFromBoston,,,,,,,FALSE,
UCcDC6kQcOgMw1fNTwgiBn_Q,RFB II,,,,,,,FALSE,
UCTYu3LHeW4GliTc5iBAkX-w,pocketsofthefuture,,,,,,,FALSE,
UCVEaFSr-jdTa_QE4PPSkVJw,Truthstream Media,,,,,,,FALSE,
UCDUBDASXQ-rVXsjqblQwG7A,DTRHRadioArchives,,,,,,,FALSE,
UC3dZNn_1-kP76SmIqy4rHSw,ChangeDaChannel,,,,,,,FALSE,
UCRVno4GDsO4Fs2lLAHGKfkQ,Montagraph,,,,,,,FALSE,
UCtZ2JhJGOIgoRg6OGQqwb8w,MaKaElectric,,,,,,,FALSE,
UC7TvL4GlQyMBLlUsTrN_C4Q,corbettreport,,,,,,,FALSE,
UC7kaw8NXcqb7jdRsRIHaswQ,The Fowler Show,,,,,,,FALSE,
UCWW3gYCvKS412p7o6qSK5gg,#WeThePeople 24/7 Patriots' Soapbox Stream,,,,,,,FALSE,
UCHqC-yWZ1kri4YzwRSt6RGQ,Right Side Broadcasting Network,,,,,,,FALSE,
UCCT8a7d6S6RJUivBgNRsiYg,Three Arrows,,,,,,,FALSE,
UCla6APLHX6W3FeNLc8PYuvg,Lauren Southern,,,AIN,ManoelAltLite,,,FALSE,
UCViO5gRp5Boa6QslAo-gPAQ,Rational Disconnect,,,,,,,FALSE,
UCT5jxI_OYY2r--TjAGXD03A,Peter Coffin,,,,,,,FALSE,
UCaN8DZdc8EHo5y1LsQWMiig,Big Joel,,,,,,,FALSE,
UCFEmOPY04flXH-QpMMAGeJA,BadMouseProductions,,,,,,,FALSE,
UCidbCSNfzJXScnt8LWtwrhA,DemocraticSocialist01,,,,,,,FALSE,
UC2PA-AKmVpU6NKCGtZq_rKQ,Philosophy Tube,,,,,,,FALSE,
UCzkFu0AVOtXy-vTo028mJxw,chescaleigh,,,,,,,FALSE,
UCJ2yCFYUDiBJajga4tXRdNA,marinashutup,,,,,,,FALSE,
UCLA7mHQtzSiU2MUEmdHyXsg,TheeKatsMeoww,,,,,,,FALSE,
UCxFWzKZa74SyAqpJyVlG5Ew,Kat Blaque,,,,,,,FALSE,
UCGaVdbSav8xWuFWTadK6loA,vlogbrothers,,,,,,,FALSE,
UCCsiAKRKcgzA_372WbXNBaw,Dr. Steve Turley,,,ManoelAltLite,,,,FALSE,
UCG1uayRlzz3ahT8ISRdyw7Q,Genetically Modified Skeptic,,,,,,,FALSE,
UCC6ue7UYt1yeS621xmTMKrQ,Rachel Oates,,,,,,,FALSE,
UCewUkuIHNuwuMNWMa96q9ZQ,Godless Cranium,,,,,,,FALSE,
UCw8rdbWx_3f0iIzL7OWYOcw,Daisy Cousens,,,,,,,FALSE,
UCxeY-wRrb65Jt37QHa5xMog,Matt Christiansen,,,AIN,ManoelIDW,,,FALSE,
UCwW_vaMPlq8J4weKDsfeJzw,Bearing,,,ManoelAltLite,,,,FALSE,
UCaEgjV59fLXgnN5BJdLsD3Q,Liberty Doll,,,ManoelAltLite,,,,FALSE,
UCDc_MCu3ZstNXmAqqT36SNA,SugarTits,,,,,,,FALSE,
UC-EREEErQQqgYNyNB4YGQnQ,Patrick,,,,,,,FALSE,
UCl9s0VpZwQuvTCyZj_VtCwg,Sinatra_Says,,,ManoelIDW,,,,FALSE,
UCVt7ujK-9TT9KByzL9g_2QQ,ShortFatOtaku,,,,,,,FALSE,
UC0aanx5rpr7D1M7KCFYzrLQ,Shoe0nHead,,,,,,,FALSE,
UCvBSa6Tzhiz7MrVI_DkwvWA,NateTalksToYou,,,ManoelAltLite,,,,FALSE,
UCGP7Obfm6Z1TFg_Pwx4ctxg,ABitOfBritt,,,,,,,FALSE,
UCLjcPQo6Tn1Iwfdr8X7S2CA,Ami Horowitz,,,,,,,FALSE,
UC1BWMtZbNLVMSFgwSukjqCw,Armoured Skeptic,,,,,,,FALSE,
UC8Su5vZCXWRag13H53zWVwA,TimeMagazine,,,Mainstream News,,,,FALSE,
UC16niRr50-MSBwiO3YDb3RA,BBC News,,,Mainstream News,TV,,1008.6719,FALSE,
UCJnS2EsPfv46u1JR8cnD0NA,NPR,,,,,,,FALSE,
UCw3SYO_euO0TSPC_m_0Pzgw,Los Angeles Times,,,Mainstream News,ManoelControl,,,FALSE,
UCBi2mrWuNuyYy4gbM6fU18Q,ABC News,,,Mainstream News,TV,,,FALSE,
UC52X5wxOL_s5yw0dQk7NtgA,Associated Press,,,Mainstream News,,,,FALSE,
UCfU4-ArXuSX0tpyApyklMAg,Axios,,,,,,,FALSE,
UCmgnsaQIK1IR808Ebde-ssA,Breitbart News,,,,,,,FALSE,
UCcyq283he07B7_KUX07mmtA,Business Insider,,,Mainstream News,,,,FALSE,
UC8eE25pvmhz-nAMZATep-7g,Conservative Tribune,,,,,,,FALSE,
UC7qZ_e097NBkgOljy1joVRA,The Daily Beast,,,,,,,FALSE,
UCP4BdwPKyYnfRLjSNfGAPRA,Daily Caller,,,ManoelAltLite,,,,FALSE,
UCw3fku0sH3qA3c3pZeJwdAw,Daily Mail,,,Mainstream News,,,,FALSE,
UCoUxsWakJucWg46KW5RsvPw,Financial Times,,,Mainstream News,ManoelControl,,,FALSE,
UCmh7afBz-uWwOSSNTqUBAhg,Forbes,,,Mainstream News,ManoelControl,,,FALSE,
UCP2gdh7HfjgCoi8lO50dA5w,Fortune,,,Mainstream News,,,,FALSE,
UCv1RrKT8zaa5J1ueqCmMfsw,freespeechtv,,,,,,,FALSE,
UCv002AUCZaPNwiADqwchijg,The Intercept,,,,,,,FALSE,
UCgpEN1mWQxivlZ9O6GuZbOw,Mic,,,,,,,FALSE,
UCbWB33FQvFiV0Pq9Calkgzw,Mother Jones,,,,,,,FALSE,
UCun4tg1BecN4PuxwZ6mL3NA,National Review,,,Mainstream News,,,,FALSE,
UCrvhNP_lWuPIP6QZzJmM-bw,New York Post,,,Mainstream News,ManoelControl,,,FALSE,
UCx6h-dWzJ5NpAlja1YsApdg,Newsmax TV,,,,,,,FALSE,
UCyF0994XbriKL_Vss0fTUMw,OZY,,,,,,,FALSE,
UCgyeJxD05YnoDquRMNBfBqw,PBS,,,TV,Mainstream News,,,FALSE,
UCgjtvMmHXbutALaw9XzRkAg,POLITICO,,,,,,,FALSE,
UCtCL58_DaVdVRmev3yHK7pg,ProPublica,,,,,,,FALSE,
UC9f78Z5hgtDt0n8JWyfBk8Q,Quartz,,,,,,,FALSE,
UCLjGwELoFRXojiw8T2t2BDw,Red State Update,,,,,,,FALSE,
UCTcCX_XY4l-W2ba5IxIRhsg,TPM TV,,,,,,,FALSE,
UCMk8U2Hmfdxqn3zrCq2g9oQ,The Federalist Society,,,,,,,FALSE,
UCHpw8xwDNhU9gdohEcJu4aA,The Guardian,,,Mainstream News,ManoelControl,,,FALSE,
UCDGECor7yw2AkrgAcHkcJxQ,The Nation,,,Mainstream News,,,,FALSE,
UCdn-M_vxWEK07X3t19ximDQ,Washington Free Beacon,,,,,,,FALSE,
UCgGgkVyadk0TdxmVzYcAM-Q,Hugo and Jake,,,,,,,FALSE,
UCp4oMaqaY0hIoT9jafj1g8g,1791,,,ManoelIDW,,,,FALSE,
UCQNqxS0Fu6CmzmVHSlnrShw,Nuance Bro,,,,,,,FALSE,
UC6P8LT59hNgA8bes61IA9Ow,Bill Whittle,,,,,,,FALSE,
UCRhV1rWIpm_pU19bBm_2RXw,Sean Carrol,,,,,,,FALSE,
UCmb8hO2ilV9vRa8cilis88A,Thunderf00t,,,,,,,FALSE,
UCSkzHxIcfoEr69MWBdo0ppg,Cuck Philosophy,,,,,,,FALSE,
UCyoQK-mZXr2ws4C0nXGCH1w,Zero Books,,,,,,,FALSE,
UCL0u5uz7KZ9q-pe-VC8TY-w,Candace Owens,,,AIN,,,,FALSE,
UCarEovlrD9QY-fy-Z6apIDQ,Patriot Act,,,,,,,FALSE,
UCeFlOi54kYIgbJHt_1ApDpg,The Justicar,,,,,,,FALSE,
UCBVYmXSIzHq_gXMZpsfd9kg,6oodfella,,,ManoelAltLite,,,,FALSE,
UCXIN3HIH0eon5hVYYpnoNuQ,azureScapegoat,,,,,,,FALSE,
UCkeGEMunZIoGUyP7z0pMYmQ,John Ward,,,ManoelAltLite,,,,FALSE,
UC2w1CQqPli4w94-PCg2UvJQ,The Alternative Hypothesis,,,,,,,FALSE,
UCIibK0GTXCaQCAamJAepm1g,ramzpaul,,,,,,,FALSE,
UCtoaZpBnrd0lhycxYJ4MNOQ,Hasan Piker,,,,,,,FALSE,
UCfhkaO2fOmIX05DQ72uZsig,The Asian Capitalists,,,,,,,FALSE,
UCtlfyd1Xs9CtxfBNP9_IgAw,Cult of Dusty,,,,,,,FALSE,
UCUowFWIWGw6Pv2JqfEj8njQ,Aydin Paladin,,,ManoelAltLite,,,,FALSE,
UCgr5cilTJPILaRYS7f_TkVA,Jason Unruhe,,,,,,,FALSE,
UCCvdjsJtifsZoShjcAAHZpA,TheFinnishBolshevik,,,,,,,FALSE,
UCu5O6b1IynT40gGtn787A_g,GETchan,,,,,,,FALSE,
UCFqrvac3eUlp_4MmhelAaDw,Socialist East,,,,,,,FALSE,
UC9ayqfGfRdAZmPpRfY4BEyw,Socialism Or Barbarism!,,,,,,,FALSE,
UCT7BLBDnD-wEXeqZSg24aJw,soph,,,,,,,FALSE,
UCm5CkXzGXb-A2XX0nuTctMQ,JustInformed Talk,,,ManoelAltLite,,,,FALSE,
UC_7vFlErTHxVD-IFNB-BFCg,America Uncovered,,,,,,,FALSE,
UCSio3E7kYvPeHKhfuYZWriA,prayingmedic,,,,,,,FALSE,
UCk0rJN52_9-cLGW-TeZwDGw,RedPill78,,,,,,,FALSE,
UCpwXjOAwWDuWlmA2gTjjBwg,TRUreporting,,,,,,,FALSE,
UCzFSNq-Q7QV6kBSw9zCoVXg,And We Know,,,,,,,FALSE,
UC_rHIryFaY1d9Tt46SQE8tQ,Lift the Veil,,,,,,,FALSE,
UCpwvZwUam-URkxB7g4USKpg,RussiaToday,,,,,,,FALSE,
UCPWXiRWZ29zrxPFIQT7eHSA,The Hill,,,Mainstream News,,,,FALSE,
UCz1fTbwui7o5aDZ6W1dOLTQ,Literature Devil,,,,,,,FALSE,
UCMAwi5fm2yOSEeKd_Qv0Z2Q,ThatUmbrellaGuy,,,ManoelAltRight,,,,FALSE,
UCry4eIS1_98ZxFO0geP7xJw,Matt Dillahunty,,,,,,,FALSE,
UCVRQqUgDRBevsDGOeE1DL3A,Diana Davison,,,,,,,FALSE,
UCPF2TnvBH88EKgmS-TAMM4w,Red Star Videos,,,,,,,FALSE,
UCPPZoYsfoSekIpLcz9plX1Q,Hakim,,,,,,,FALSE,
UCepkun0sH16b-mqxBN22ogA,Mexie,,,,,,,FALSE,
UC02Mk2QHR9myF3VMrVYbCAA,RE-EDUCATION,,,,,,,FALSE,
UCUtloyZ_Iu4BJekIqPLc_fQ,Angie Speaks,,,,,,,FALSE,
UC5fdssPqmmGhkhsJi4VcckA,Innuendo Studios,,,,,,,FALSE,
UCljE1ODdSF7LS9xx9eWq0GQ,potholer54,,,,,,,FALSE,
UCQlNT2xADrXblBd1Tz1Fjzg,Claudia Brown,,,,,,,FALSE,
UCQpltQMhYFvyeS5M6P0Zg-Q,Creationist Cat,,,,,,,FALSE,
UCmFJ77PwU4PD4Im3s9kiWCg,EssenceOfThought,,,,,,,FALSE,
UCVY0aIaw-V9GbWmlab4Z_dw,Libertarian Socialist Rants,,,,,,,FALSE,
UCB-5u8VgFc_TI1aAj8_SmDA,RichardDWolff,,,,,,,FALSE,
UCQb22imbIqKKWOC98C8Rm2A,TMM,,,,,,,FALSE,
UCOjLfFE0TABS9bk05oH-kgw,Eric Taxxon,,,,,,,FALSE,
UC4YM0NX86SgxJRf8y0lQ3gA,Messy Elliott,,,,,,,FALSE,
UCkZFKKK-0YB0FvwoS8P7nHg,NonCompete,,,,,,,FALSE,
UC8XjmAEDVZSCQjI150cb4QA,Knowing Better,,,,,,,FALSE,
UCw-4391y4Lm0LZz2Z6pau9Q,Thom Avella,,,,,,,FALSE,
UCrr7y8rEXb7_RiVniwvzk9w,Thought Slime,,,,,,,FALSE,
UCDULjo1v2Hivuu4h4LZSTUQ,Xexizy,,,,,,,FALSE,
UC_oi8JESlRbOQW5n7Pl07NA,Bat'ko,,,,,,,FALSE,
UCs8mbJ-M142ZskR5VR0gBig,YUGOPNIK,,,,,,,FALSE,
UC3FD64RRsrCLpiZNkq7ZkSg,anarchopac,,,,,,,FALSE,
UCdQKvqmHKe_8fv4Rwe7ag9Q,Jack Saint / LackingSaint,,,,,,,FALSE,
UC9infsKo33_2LUoiqXGgQWg,Renegade Cut,,,,,,,FALSE,
UCxTdWpLJurbGlFMWOwXWG_A,Step Back History,,,,,,,FALSE,
UCvlj0IzjSnNoduQF0l3VGng,Some More News,,,,,,,FALSE,
UCFdazs-6CNzSVv1J0a-qy4A,donoteat01,,,,,,,FALSE,
UC6Hwqnuqo1MMuJUsLNlgqmw,Faraday Speaks,,,,,,,FALSE,
UCEWrkBTDSYqJzQmp8gxQiMw,The Serfs,,,,,,,FALSE,
UC3VHfy8e1jbDnT5TG2pjP1w,MEANS TV,,,,,,,FALSE,
UCeDKIj0G5XbultKOQnacu_w,José,,,,,,,FALSE,
UCjSJq8eE73nCc9mtSMkNh6g,let's talk about stuff.,,,,,,,FALSE,
UC_OttpBEWWzSUlZbk5qmhSA,Mia Mulder,,,,,,,FALSE,
UCjs0WTUUKk8tvsbG9so6Iag,PoliDice,,,,,,,FALSE,
UCBpSlvedUI6VmwBjQLpFb0g,TruNews,,,,,,,FALSE,
UCSTy-H5lSiCcozas32sfJlQ,AltRight.com,,,ManoelAltRight,,,,FALSE,
UCyZVnp-_owuoPlzNJNtaxZQ,AmRen Podcasts,,,ManoelAltRight,,,,FALSE,
UCOtFVJUoek4TKZAaeQVhiLA,Bre Faucheux,,,ManoelAltRight,,,,FALSE,
UCGJNdaSwFeP3pLd1MhN0dRg,Darkstream,,,ManoelAltRight,,,,FALSE,
UC_NPMpK-gZVIKqvDRljgbBA,NPI / RADIX,,,ManoelAltRight,,,,FALSE,
UCN0-RRaxMgh86eOwndAklxw,The Golden One,,,ManoelAltRight,,,,FALSE,
UCutpp9X6rKErxUkv4wKBRPA,Voxiversity,,,ManoelAltRight,,,,FALSE,
UCHC60upCUfq7EAfw6oDQRDA,AustralianRealist,,,ManoelAltRight,,,,FALSE,
UCdf14z6V0MWNeVcbAz0r8wQ,Mark Collett,,,ManoelAltRight,,,,FALSE,
UC66IBH4uFkBTzEh2olFFJSg,Matthew North,,,ManoelAltRight,,,,FALSE,
UCkY8CvV8WQFe87CZGmvuYHA,No White Guilt,,,ManoelAltRight,,,,FALSE,
UC_CapP-BUzm9tSNfCbKRb9g,PeaceOnEarth123,,,ManoelAltRight,,,,FALSE,
UCkXYznmArMELRxH_36uM1lQ,WhiteRabbitRadioTV,,,ManoelAltRight,,,,FALSE,
UCyOOQJzQSNMjFJqb3gQENtg,Nightmare Fuel,,,ManoelAltRight,,,,FALSE,
UCRWRClsBI3p9gnYO8UBst2g,Laura Towler,,,ManoelAltRight,,,,FALSE,
UCLM6JlQkQ9tltBL9Bipci9g,Marie Cachet,,,ManoelAltRight,,,,FALSE,
UCJpdwEg7vrj_61e0Bfnx02w,Morrakiu,,,ManoelAltRight,,,,FALSE,
UCZtDKD0pFpPclXA7ZAti90w,NeatoBurrito Productions,,,ManoelAltRight,,,,FALSE,
UCVO8YsD87ibqRGIJ7o8sOzg,Prince of Zimbabwe,,,ManoelAltRight,,,,FALSE,
UCpbyOgUSjTSPpvVUAT2OyHw,Blonde in the Belly of the Beast,,,ManoelAltLite,,,,FALSE,
UCPGxwlhPEJE89bT4gB6rzhg,Gavin McInnes,,,ManoelAltLite,,,,FALSE,
UCsWnDtLWKEMJHKYCc9647yQ,Laura Loomer,,,ManoelAltLite,,,,FALSE,
UCrVft1rhiJqIt7USDCwQ9Mg,Nick Fuentes Clips,,,ManoelAltLite,,,,FALSE,
UCOZN0I173I_3aIDrPw0Irmw,Rebel Edge,,,ManoelAltLite,,,,FALSE,
UCplXdu0g94UynzYCmO2zOjw,AIU-Resurrection,,,ManoelAltLite,,,,FALSE,
UCij5BjgH6WjDqOzB6UZZpjA,Bull Brand,,,ManoelAltLite,,,,FALSE,
UCgkZARt0VNW7WKS5DOg8sDA,Carpe Donktum,,,ManoelAltLite,,,,FALSE,
UCbukZErY9SjdGTHabMzY7qg,Kenn Daily,,,ManoelAltLite,,,,FALSE,
UC8GAOCAJxBL4bExaUCvwL4Q,Dinesh D'Souza,,,ManoelAltLite,,,,FALSE,
UC72vWiZdUN_Y2OC2RgJ-dvA,DoctorRandomercam,,,ManoelAltLite,,,,FALSE,
UCdlMSPp9XSTcbJw422zxWCA,Leo Stratton,,,ManoelAltLite,,,,FALSE,
UCbBm6SZ235HFxwVKC7Po5IA,News2Share,,,ManoelAltLite,,,,FALSE,
UCcrgJyI1bSysVE92HPpNNiw,On The Offensive,,,ManoelAltLite,,,,FALSE,
UC6EyGxVgmTGt27_U9c_oz9g,Oppressed Media,,,ManoelAltLite,,,,FALSE,
UC7Ql1bhBYk8LVMpZfkRZJGQ,Revenge Of The Cis,,,ManoelAltLite,,,,FALSE,
UC92qENDvlCKpNCkUwJnFdkA,SJW CRINGE MACHINE,,,ManoelAltLite,,,,FALSE,
UCl3RCEtooHD5bhPCHJw3btA,Tree Of Logic,,,ManoelAltLite,,,,FALSE,
UCNohUmuAnQa29YmaxzbaksA,UNITE AMERICA FIRST,,,ManoelAltLite,,,,FALSE,
UCKzrGgxorDwLcVKeaB7euvw,Zach Hing,,,ManoelAltLite,,,,FALSE,
UCGwD6FIVFso2IJQmFGgDNKA,Proud Conservative,,,ManoelAltLite,,,,FALSE,
UCIKAZwaFnH_QX1ddYDQf-lg,thkelly67,,,ManoelAltLite,,,,FALSE,
UCzzLIhDbFYU46T4VFBz_m_g,Actual Justice Warrior,,,ManoelAltLite,,,,FALSE,
UCSkC7KNQHSSeOfRGtKgDm4A,Dangerfield,,,ManoelAltLite,,,,FALSE,
UCz-y9OLmILUM1HGCE4Ffbkw,Demirep,,,ManoelAltLite,,,,FALSE,
UCYY-xsfMg0TKz-gwQOMhcWA,Jericho Green,,,ManoelAltLite,,,,FALSE,
UCQMb7c66tJ7Si8IrWHOgAPg,Liberty Hangout,,,ManoelAltLite,,,,FALSE,
UCyznn3etx_6fSK7576JSrKg,MR. OBVIOUS,,,ManoelAltLite,,,,FALSE,
UC7KZFVVnKjiCzkxWD-Qrakg,HighImpactFlix,,,ManoelAltLite,,,,FALSE,
UC6cMYsKMx6XicFcFm7mTsmA,Sargon of Akkad Live,UC-yewGHQbNFpDrGM0diZOLA,Sargon of Akkad,ManoelAltLite,,,,FALSE,
UCIgbxKzg2BpGN_AQ6uarXDw,The Amazing Lucas,,,ManoelAltLite,,,,FALSE,
UCx_SEanFxmYdkylVM1v3RDg,TheIncredibleSaltMine,,,ManoelAltLite,,,,FALSE,
UCTrecbx23AAYdmFHDkci0aQ,Undoomed,,,ManoelAltLite,,,,FALSE,
UCnt7Iy8GlmdPwy_Tzyx93bA,Jay Dyer,,,ManoelAltLite,,,,FALSE,
UCWOkEnBl5TO4SCLfSlosjgg,Pat Condell,,,ManoelAltLite,,,,FALSE,
UC8KbWhBEWVlEdkHmETx8MlA,Trigger Happy Media,,,ManoelIDW,,,,FALSE,
UCodkb-qBktJI5NrUsPYpf7g,Jordan B Peterson Clips,,,ManoelIDW,,,,FALSE,
UCTjxmzChimJa3X_rAgLAnxg,Lindsay Shepherd,,,ManoelIDW,,,,FALSE,
UCM6z9wqPxdRHjAC_Pjdp5yQ,Ayn Rand Institute,,,ManoelIDW,,,,FALSE,
UCiTnIVJLN3wBHM9EQx4kW8g,Ben Shapiro Thug Life,,,ManoelIDW,,,,FALSE,
UCzGwq0bZp0echSzCx0rjTFg,Clash of Ideas,,,ManoelIDW,,,,FALSE,
UCmA54XhpFJWyw_Bsj1jYsMw,Conversations with Bill Kristol,,,ManoelIDW,,,,FALSE,
UCRa_kxWOnJsSSb7S0ijguBw,Crysta,,,ManoelIDW,,,,FALSE,
UC-uP8fChoXf3FTHyttRRkUw,Desi-Rae Thinking,,,ManoelIDW,,,,FALSE,
UCFkDAsyfvgxqNyue4F4HHww,Essential Truth,,,ManoelIDW,,,,FALSE,
UCJY11HEYjxGgXr9O24JzmHg,Freedom Speaks,,,ManoelIDW,,,,FALSE,
UCvqtzdcURSqNjY9RQEK4XmQ,Glenn Beck,,,ManoelIDW,,,,FALSE,
UCskcws9RtJPRM02UVe43BQA,Gravitahn,,,ManoelIDW,,,,FALSE,
UC-c75h4LnBiLziZw0nzDm9w,Informative,,,ManoelIDW,,,,FALSE,
UCFh3dBRQToGvu8bjr-CdV4Q,Jordan Peterson Fan Channel,,,ManoelIDW,,,,FALSE,
UCFIwb4_NANvMLCbdqcOD6Vw,Liberty us,,,ManoelIDW,,,,FALSE,
UCzk08fzh5c_BhjQa1w35wtA,Mike Nayna,,,ManoelIDW,,,,FALSE,
UC26rydyZRPAr51aJ2k9QHTQ,Voice Liberty,,,ManoelIDW,,,,FALSE,
UCZViJTyN0OXTTuPQ2mimNWw,PhilosophyInsights,,,ManoelIDW,,,,FALSE,
UCtbEiMMo4xyU1hWa3Y5MsAw,Pragmatic Entertainment,,,ManoelIDW,,,,FALSE,
UCPvPtUY5MOoaQqg3i7xeEIw,Savage Facts,,,ManoelIDW,,,,FALSE,
UCTfTzFsutLOxGtmr5tqeKgA,Daily Truth,,,ManoelIDW,,,,FALSE,
UCioON-JvOyXE-aZ2-UCBqDw,The Free Speech Club,,,ManoelIDW,,,,FALSE,
UCt4byS0vUsmAB_hX4NHNUkA,TheArchangel911,,,ManoelIDW,,,,FALSE,
UCPLjGLElB8hKpUkiZ1mnxeg,Atlas Society,,,ManoelIDW,,,,FALSE,
UC4GzVIbK8bria6AOy43hY4Q,WisdomTalks,,,ManoelIDW,,,,FALSE,
UCliHpHuY_aIZ7pGWO9tUx_w,ZeroFox Given,,,ManoelIDW,,,,FALSE,
UCVOpH1nJioh1d7UgTnZ98kg,The Progressive Voice,,,ManoelIDW,,,,FALSE,
UCabMx-URCjr2toe9wOE3Y-Q,Yaron Brook,,,ManoelIDW,,,,FALSE,
UCb062gdTsC6FPvnzCPVvsTw,Agatan Foundation,,,ManoelIDW,,,,FALSE,
UCo9QgwWCNEhDxL1gH-jxa8Q,Bite-sized Philosophy,,,ManoelIDW,,,,FALSE,
UCx3s3t5kpD4VMfJjDi5keXw,CoolHardLogic,,,ManoelIDW,,,,FALSE,
UCNdW82WWvjQEF5tUWVXvdKg,Dose of Truth,,,ManoelIDW,,,,FALSE,
UCavk8KLWg5sWuDGrNIiqZ4A,DronetekPolitics,,,ManoelIDW,,,,FALSE,
UCtD9a-aXIYS6-e-8s7DISiw,HowTheWorldWorks,,,ManoelIDW,,,,FALSE,
UCyhEZKz-LOwgktptEOh6_Iw,The Andrew Klavan Show,,,ManoelIDW,,,,FALSE,
UCzp8QlVd_hDLfK1LMLDu3dQ,The Heartland Institute,,,ManoelIDW,,,,FALSE,
UC1rnp-CySclyhxyjA4f14WQ,X22Report Spotlight,,,,,,,FALSE,
UCm5RmlRF3J7nz8QSg3RJ2yw,Conservative Citizen,,,,,,,FALSE,
UCutRlmq490ka5F2zMejTC4Q,Coop's Channel,,,,,,,FALSE,
UCA_EUxErCYiD4SZXRfaZnIg,Rose of Dawn,,,,,,,FALSE,
UCEXR8pRTkE2vFeJePNe9UcQ,The Grayzone,,,,,,,FALSE,
UCNiXhsI4QtmQaeICpT-k7BQ,Moderate Rebels,,,,,,,FALSE,
UCFvub3YrEUoXl8aPHZBbHqw,The Jim Jefferies Show,,,,,,,FALSE,
UCkhakammPmSa4EvMPhEVN-g,A Voice For Men,,,,,,,FALSE,
UCe4N2GAyLMCt1LPMvIAuoVQ,Gutian,,,,,,,FALSE,
UCokqzNPBJ65raczldVuHAww,Chapo Trap House,,,,,,,FALSE,
UClSZ6wHgU2h1W7eAGaa7cUw,America From Scratch,UCgyeJxD05YnoDquRMNBfBqw,PBS,Mainstream News,,,,FALSE,
UCcStOVD6xZ54ky6hcZZcqig,Mad Blender,,,,,,,FALSE,
UCK-GxvzttTnNhq3JPYpXhqg,Sarah Z,,,,,,,FALSE,
UCFJxE0l3cVYU4kHzi4qVEkw,Rebecca Watson,,,,,,,FALSE,
UCsu6NM_ARGWzDwL1C9xEhqA,ToolTime,,,,,,,FALSE,
UCoJTOwZxbvq8Al8Qat2zgTA,Kim Iversen,,,,,,,FALSE,
UC-oGhTTXFHBydqyG-ENiwTw,Barbara4u2c,,,,,,,FALSE,
UCriIuQZpMi6gEt_2P7xKCww,Andrew Yang for President 2020,,,Politician,,,,FALSE,
UC0Xf9eE1faywn_NK7VEgoXw,NowThis Her,UCgRvm1yLFoaQKhmaTqXk9SA,NowThis,,,,,FALSE,
UCaLn4FMU_Fp-LBcdbYgYWow,M. Tracey,,,,,,,FALSE,
UCoCuOwpNQ39uaEU76cy_0qg,Kronos,,,,,,,FALSE,
UCM6EbmEFrTbrQ_31bUx5h3w,Corbett Report Extra,UC7TvL4GlQyMBLlUsTrN_C4Q,corbettreport,,,,,FALSE,
UCCZVmatSqIMTTB8uExk8xEg,London Real,,,,,,,FALSE,
UC9SL3BtH21c8EGeZnw0WTXw,FaceLikeTheSun,,,,,,,FALSE,
UCAyrKoW31y5UcsRjh2ItvxQ,In Pursuit of Truth,,,,,,,FALSE,
UCA071Pllf2wk-B8Rkwt47bQ,Anonymous Official,,,,,,,FALSE,
UC39wDqrRwtgVtWUPZmbJ0hw,Wild Smile,,,,,,,FALSE,
UCDPujMbho9Nq-iB7aTJsMUQ,Toad McKinnley,,,,,,,FALSE,
UCqYf0XacrXizu9KI1kgqq3g,The Patriot Nurse,,,,,,,FALSE,
UCw14RqKlnGoxHPHmqO9LxEQ,DECLASSIFIED - The Epoch Times,,,,,,,FALSE,
UCmWhuFRkZKu0g-e1xrlakVA,American Thought Leaders - The Epoch Times,UCmWhuFRkZKu0g-e1xrlakVA,American Thought Leaders - The Epoch Times,,,,,FALSE,
UCeLc4heXqG9dtL7jiPHMBfQ,Epoch News The Epoch Times,UCmWhuFRkZKu0g-e1xrlakVA,American Thought Leaders - The Epoch Times,,,,,FALSE,
UCZmkvHLQu76lYbW1w9FoGzQ,Larry Elder Show - The Epoch Times,UCmWhuFRkZKu0g-e1xrlakVA,American Thought Leaders - The Epoch Times,,,,,FALSE,
UCtYKe7-XbaDjpUwcU5x0bLg,neo,,,,,,,FALSE,
UCjqVanJab9rt5BBBK0iEfyw,Murdoch Murdoch,,,,,,,FALSE,
UCWQdudc_cnIaRG1PmD1Ymbg,Cato's Speech,,,,,,,FALSE,
UCRXnOs1rjfLMYrtZ-0n29NA,FreedomToons,,,,,,,FALSE,
UCvaHgYcWAAcn5D54w4Dqezg,Black Pilled,,,,,,,FALSE,
UCU_W0oE_ock8bWKjALiGs8Q,Charisma on Command,,,,,,,FALSE,
UC0-Q-6GiLDLrAIkTqNrNr-Q,The Dick Show,,,,,,648.21283,FALSE,
UC_c1gdsojLxBGkgzS0NsvUw,Maddox,,,,,,,FALSE,
UC0n9pcWWhf8BzJ9zFakcA0g,Zarathustra's Serpent,,,,,,,FALSE,
UCrlzSqLSGj8GIOeT5jrQsJA,Comics MATTER w/Ya Boi Zack,,,,,,,FALSE,
UCNHAsCPp3tfbV3O3t7RxYMA,Property and Freedom Society,,,,,,,FALSE,
UCqObSfoC2hZh0SmQFMHLdJw,"David Wilcock, Divine Cosmos",,,,,,,FALSE,
UCxC2RlwWGHnwXanvHNBmw2w,Edge of Wonder,,,,,,,FALSE,
UCFVqzO9_qHVckKqNC95o9tw,Gaia,,,,,,,FALSE,
UClC1XBsPtjKMry-3iDLr2Zg,Ocean Keltoi,,,,,,,FALSE,
UC1vVNQN-TCy8d3Mb_Owr2Kw,Masaman,,,,,,,FALSE,
UCXNNG0ej_6rU9SxCZ4dyq6w,An Ear for Men,,,,,,,FALSE,
UCcmnLu5cGUGeLy744WS-fsg,karen straughan,,,,,,,FALSE,
UClzNJ7y2Q6wY0tEOzE6EM9Q,Vernaculis,,,,,,,FALSE,
UCo1qRcO1OehgkOD_fHsu_uQ,Thinking-Ape / Stardusk,,,,,,,FALSE,
UCzOnXvfwc32YEiwTe_8Nf-g,RockingMrE,,,,,,,FALSE,
UCs2ALByxoNZU4Vj-uTAP-YQ,Harmful Opinions,,,,,,,FALSE,
UCLGRZ0xSaBMIUmtn8wkPP3w,Brittany Venti,,,,,,,FALSE,
UCBgQzXEjfeAlb8GtvuIsLQA,Wizard of Cause,,,,,,,FALSE,
UCn1bhOC69Z4TplynafVv7ng,chrisiousity,,,,,,,FALSE,
UCzfpxqhwcLjPgPKQKqtiLPg,AVALLONEextra,UCDgchsbJnrX604K-xWsd-fQ,Hunter Avallone,,,,,FALSE,
UCitU2-w3XE8ujvUZjcAnhIg,Akkad Daily,UC-yewGHQbNFpDrGM0diZOLA,Sargon of Akkad,,,,,FALSE,
UC6x4zJADfr5Z4w-bf8lbrcg,Anything Goes,UCittVh8imKanO_5KohzDbpg,Paul Joseph Watson,,,,,FALSE,
UCh_0ePvLZymjkivjMdjAsyA,News 4 a Change,,,,,,,FALSE,
UCW_IYEEXOzFQIfCymI2cPVw,Hella Opinions from BuzzFeed News,UCf4FYTsGFFcdc68AUPIU3RA,BuzzFeed News,,,,,FALSE,
UCXkQz4N3QR6yibk7sx06hiw,AM to DM,UCf4FYTsGFFcdc68AUPIU3RA,BuzzFeed News,,,,,FALSE,
UCn4sPeUomNGIr26bElVdDYg,NowThis News,UCgRvm1yLFoaQKhmaTqXk9SA,NowThis,,,,,FALSE,
UCn8zNIfYAQNdrFRrr8oibKw,VICE,UCZaT_X_mc0BI-djXOlfhqWQ,VICE News,ManoelControl,,,875.96533,FALSE,
UC9ISPZsMaBi5mutsgX6LC1g,i-D,UCZaT_X_mc0BI-djXOlfhqWQ,VICE News,,,,,FALSE,
UCfQDD-pbllOCXHYwiXxjJxA,Broadly,UCZaT_X_mc0BI-djXOlfhqWQ,VICE News,,,,,FALSE,
UCWF0PiUvUi3Jma2oFgaiX2w,VICELAND,UCZaT_X_mc0BI-djXOlfhqWQ,VICE News,,,,,FALSE,
UC3e7Z56naX4KTrs9l7nSyWw,Jon Miller,UCKgJEs_v0JB-6jWb8lIy9Xw,TheBlaze,,,,,FALSE,
UCcqjjQk7BINIdc5X44aHzaA,Sara Gonzales Unfiltered,UCKgJEs_v0JB-6jWb8lIy9Xw,TheBlaze,,,,,FALSE,
UCoLl7gOLl0vMs9s-nmAckgg,Graham Allen,UCKgJEs_v0JB-6jWb8lIy9Xw,TheBlaze,,,,,FALSE,
UCx_2Vso6Qz76n-w5KV8DZcA,Allie Beth Stuckey,UCKgJEs_v0JB-6jWb8lIy9Xw,TheBlaze,,,,,FALSE,
UCHnP4h7CkxDtQXV-kEGS9FA,Phil Robertson,UCKgJEs_v0JB-6jWb8lIy9Xw,TheBlaze,,,,,FALSE,
UCTIcArcyyUota03AUK06waA,Rick & Bubba,UCKgJEs_v0JB-6jWb8lIy9Xw,TheBlaze,,,,,FALSE,
UCCRNUa9EwvRXMYwUmDi3JtA,Chad Prather,UCKgJEs_v0JB-6jWb8lIy9Xw,TheBlaze,,,,,FALSE,
UCVgO39Bk5sMo66-6o6Spn6Q,ABC News (Australia),,,Mainstream News,,,,FALSE,
UCxcrzzhQDj5zKJbXfIscCtg,ABC News In-Depth (Australia),UCVgO39Bk5sMo66-6o6Spn6Q,ABC News (Australia),Mainstream News,,,,FALSE,
UCN0VXYoN2ZdC7s8OFC_zHCg,BBC HARDtalk,UC16niRr50-MSBwiO3YDb3RA,BBC News,Mainstream News,,,,FALSE,
UC6o-wWU-v2ClFMwougmK7dA,BBC Newsnight,UC16niRr50-MSBwiO3YDb3RA,BBC News,Mainstream News,,,,FALSE,
UCcgKRB26m6M3okTSP7C_UwA,BBC Stories,UC16niRr50-MSBwiO3YDb3RA,BBC News,Mainstream News,,,,FALSE,
UCDYT9mM3L_ByrPYMyl0MGGg,BBC Ideas,UC16niRr50-MSBwiO3YDb3RA,BBC News,Mainstream News,,,,FALSE,
UCnkRLeAmZWkP-j738NZvhRw,BBC Radio 4,UC16niRr50-MSBwiO3YDb3RA,BBC News,Mainstream News,,,,FALSE,
UCuFFtHWoLl5fauMMD5Ww2jA,CBC News,,,Mainstream News,ManoelControl,,1016.2958,FALSE,
UCx8LIRh6VuPamPrqYDNF2QQ,RT Documentaries,UCpwvZwUam-URkxB7g4USKpg,RussiaToday,Mainstream News,,,,FALSE,
UC5aeU5hk31cLzq_sAExLVWg,Ruptly,,,Mainstream News,,,,FALSE,
UCY8x1K2FMBw-jm-WCPbcHEg,The Big Picture RT,UCpwvZwUam-URkxB7g4USKpg,RussiaToday,TV,,,,FALSE,
UC1PfnaeZIewIMs9RhdodytA,Boom Bust RT,UCpwvZwUam-URkxB7g4USKpg,RussiaToday,TV,,,,FALSE,
UC1nrVLHNfnsxpJthrAP8wNw,Going Underground RT,UCpwvZwUam-URkxB7g4USKpg,RussiaToday,TV,,,,FALSE,
UCbGif2gxFLxGDxG9CeA_fvg,In the Now RT,UCpwvZwUam-URkxB7g4USKpg,RussiaToday,TV,,,,FALSE,
UCbiFt3UdxX7LxferwDmuegQ,Watching the Hawks RT,UCpwvZwUam-URkxB7g4USKpg,RussiaToday,TV,,,,FALSE,
UCMItGKKTQzBTnIcbEoO3XnA,WorldsApaRT,UCpwvZwUam-URkxB7g4USKpg,RussiaToday,TV,,,,FALSE,
UCerKNh8xgFXstLdgVlikaxQ,TVO Docs,,,,,,,FALSE,
UCmuTmpLY35O3csvhyA6vrkg,TeleSur English,,,TV,,,,FALSE,
UCI4lx9retCL7_cBmmceEQ8g,Sputnik,,,Mainstream News,,,,FALSE,
UCvUSer_M2VGaBY-MFlUeShg,Tonkasaw,,,,,,,FALSE,
UCMVTRzCXvIbdK0Y1ZxD-BlA,Destroying the Illusion,,,,,,,FALSE,
UCG1h-Wqjtwz7uUANw6gazRw,Lindsay Ellis,,,,,,,FALSE,
UCGLgYaW3TYYnxRjZT_JPWTg,Kevin Logan,,,,,,,FALSE,
UCyawG3aTE7RmNQcFQskDWcw,The Academic Agent,,,,,,,FALSE,
UC4BZtFgtCuHUt0p8J-XENiA,E;R,,,,,,688.01147,FALSE,
UC7zLFwokKwUdeE_JRlzzaGw,Brother Nathanael,,,,,,,FALSE,
UCYmqiv_DNFYFkn8fvvJujmA,Hard Bastard,,,,,,,FALSE,
UCDB5XReUyyqt-FTNdkzFN-A,H. A. Goodman,,,,,,,FALSE,
UCFAQyZq0NqfCwVkRQoXpx0A,Niko House,,,,,,,FALSE,
UC3TbT_taTdB5_pxcHnNNHAg,Kristi Winters,,,,,,,FALSE,
UCMTk_R_Y49jvq-HQXDmKI0Q,The Right Opinion,,,,,,755.22235,FALSE,
UCsKBqLQmB1aCVuUC3e14riA,Endeavor,,,,,,,FALSE,
UC66_4Nrei9ZR4kk3uoWSSBw,Shane Killian,,,,,,,FALSE,
UC7eWRnOTyqua812sDXGqiqw,Dame Pesos,,,,,,664.2063,FALSE,
UC595wqznMGuY2mi6DKx-qnQ,Honey Badger Radio,,,,,,,FALSE,
UCDWmp9u3xBGwFR1iEIeEyOg,Skeptorr,,,,,,,FALSE,
UCMIj-wEiKIcGAcLoBO2ciQQ,TL;DR,,,,,,,FALSE,
UCr_Q-bPpcw5fJ-Oow1BW1NQ,Kraut,,,,,,,FALSE,
UCZAENaOaceQUMd84GDc26EA,Survive the Jive,,,,,,,FALSE,
UCnYKjBrI1ErwhDprla7Unwg,Tragedy and Hope,,,,,,,FALSE,
UC7vMzUZ0JxX5vpiMQ19az6A,Peach Baile,,,,,,,FALSE,
UCrD0cRlN2nSFj9PVIaZ3o4w,Charlemange,,,,,,,FALSE,
UCbiEAICCX-lyat0IOUIbyCA,Fritz Imperial,,,,,,,FALSE,
UC2yh-MfL2LamSVqb76fEPCg,Mauritian Struggle,,,,,,,FALSE,
UCh9mnprK8vtFuHkHyl_ffCw,Praise of Folly,,,,,,,FALSE,
UCIuK0g2IASC08v5jyVQh0Ig,Missing the Mark,,,,,,,FALSE,
UCbE3nGd3Yto59BN-taoOEAQ,Media Monarchy,,,,,,,FALSE,
UCxt2r57cLastdmrReiQJkEg,Tom Nicholas,,,,,,,FALSE,
UCkS_HP3m9NXOgswVAKbMeJQ,Then & Now,,,,,,,FALSE,
UCHuLYgw4dGbC2BuZQqPWV1g,Chomsky's Philosophy,,,,,,,FALSE,
UCug1cL7vmUvYooOjXyHjsxQ,Diamond and Silk,,,,,,,FALSE,
UC04KsGq3npibMCE9Td3mVDg,Cheddar,,,,,,,FALSE,
UC0VHMrstyj7aCt-VCcnV-Vw,Cheddar News,,,,,,,FALSE,
UCyn9vY4DP5WvLFW3kP-GNlg,Cheddar Business,,,,,,,FALSE,
UCxXUQuvoiIAlpM2osoAitjQ,Matt Jarbo,,,,,,586.69189,FALSE,
UCLFMfSsnYkzY7ra2PNb5RKQ,Jay Myers Documentaries,,,,,,,FALSE,
UCWr9SkjnM2c_x9dOYGtG-Aw,Halsey English,,,,,,,FALSE,
UCGg5QDOcFZYS3FbLVHRvJUw,TLDR News U.S.,UCMIj-wEiKIcGAcLoBO2ciQQ,TL;DR,,,,,FALSE,
UCJ4FI17cPgS6iwByI3fIf0A,Rebel Diaz,,,,,,,FALSE,
UCG29FnXZm4F5U8xpqs1cs1Q,Empire Files,,,,,,,FALSE,
UCRTcuf-RM24BmY5XsiRP-mw,BBC Trending,,,,,,,FALSE,
UCr4kgAUTFkGIwlWSodg43QA,Michael Knowles,UCaeO5vkdj5xOQHp4UmIN6dw,The Daily Wire,,,,,FALSE,
UCGSGPehp0RWfca-kENgBJ9Q,Jreg,,,,,,,FALSE,
UC_N4L2B-g2hZ9OPVdkmthGw,Critical Condition,,,,,,,FALSE,
UCuoFIyMX7PmlwwdmpXfyeNA,JFG Livestreams,UCowcNKm1w2GGw5U_XQeduhg,Jean-Francois Gariépy,,,,,FALSE,
UCNP2yhz10CUEKhzHCUu2r4Q,MW Live,UCLfhh63n0fWn0gXXKQ5NWvw,Millennial Woes,,,,,FALSE,
UCXcriK0lfrR_ACsDDzqrPpw,Drunken Peasants,,,,,,,FALSE,
UCU7JpgUNUdapn8d8b0zMg3g,Asha Logos,,,,,,,FALSE,
UCq7BdmVpQsay5XrwOgMhN5w,Sanderson1611,,,,,,,FALSE,
UC5fHBGiBdRN5MWMHEGFcZNw,HIGH ENERGY,UCXIJgqnII2ZOINSWNOGFThA,Fox News,,,,,FALSE,
UCfUaZ8Ra7m7BqUEACv2jySw,HydeWars,,,,,,,FALSE,
UC1vTH0ByVIcIOB83FbvHP7Q,Ryan Dawson,,,,,,,FALSE,
UCK1YDs3lB2ZzX5ef1v2IT7A,MillionDollarExtreme2,UCfUaZ8Ra7m7BqUEACv2jySw,HydeWars,,,,,FALSE,
UCFJ2K2gUJJ1ecBU6Sxc3bCA,Gun Owners of America,,,,,,,FALSE,
UCbUJ4bSI5LGysuouybbGA7g,Way of the World,,,,,,,FALSE,
UCCAH6Iole0g5KZc2I1mScPA,Think Club,UCy6Q3wg-PgsgO2XtQxZpZEg,ADAM FRIENDED,,,,,FALSE,
UCrUkx0UAxgybbbMvWphd62Q,American Joe Show,,,,,,,FALSE,
UCD2_cj930dB0H-tVDoKdt3Q,Twoon,,,,,,626.42682,FALSE,
UCf1iroepad-o5w2il-06Gjg,Armoured Media,,,,,,,FALSE,
UCtb3OOZwXGjwYMIXTu5zMKw,Armoured Gregory,,,,,,,FALSE,
UCOrpD6svgE3L3CCnWk52JSg,Shoe and Skeptic,UC0aanx5rpr7D1M7KCFYzrLQ,Shoe0nHead,,,,,FALSE,
UCiNediqB-JC_TjbsB4hJuHA,The Snark Tank,,,,,,,FALSE,
UCDVb4m_5QHhZElT47E1oODg,The Dave Cullen Show,,,,,,,FALSE,
UCmitI3k480YNXEw3aJG3nlg,Count Dankula 2 : Electric Boogaloo,UC7SeFWZYFmsm1tqWxfuOTPQ,Count Dankula,,,,,FALSE,
UCexksLsyKnBllF0RrMQj1uw,Irate Bear,,,,,,,FALSE,
UCegeYNZdLvPQWQktawxYfUA,TheBritisher,,,,,,,FALSE,
UCPRQK6wvn5popKr9Vi-4Pwg,Woz Lee,,,,,,,FALSE,
UC61qQBrHiNKprDXW5ZnLPyQ,Michelle Malkin,,,,,,,FALSE,
UCPZ3NSyI9G5BGzNKU_iEmMA,Gary Orsum,,,,,,,FALSE,
UCC4leKu2BwJZpv9jaUXpC4w,Foundation for Individual Rights in Education,,,,,,,FALSE,
UCpM_hmOVus872lSLIdbirXQ,Red Pill Philosophy,,,,,,,FALSE,
UCwd_sSDZ8EQt6SEeOO2tBRA,Terrence Popp,,,,,,,FALSE,
UC-_1OuLOwK8ve25sIu-5L5w,Raging Golden Eagle,,,,,,,FALSE,
UCKaK8iWAup7QEjvw554JAEg,TheBrotherOfLogic AndCommonSense,,,,,,,FALSE,
UC255AfKquZnQMO0amxdEGWw,johntheother,,,,,,,FALSE,
UCQeWZ0ninG-2pzlaenh2ECw,The Rageaholic,,,,,,,FALSE,
UC0lq8TJi-nuHikpkSA89SOw,"Hi, I Think I'm Real",,,,,,,FALSE,
UCaWf6VC6vmZcGdI_I0XYeRw,Milo Stewart,,,,,,,FALSE,
UCD_PvRz7fvX9WOBL6T4P45Q,John Birch Society,,,,,,,FALSE,
UCe17o0PQX4LK7AvAaARxqwQ,TheLivingDinosaur,,,,,,,FALSE,
UCOrE5EE4JH3CGwDQTsA2t_A,Mister Deity,,,,,,,FALSE,
UC228Y4vvOMPieeT_XYTbe-A,Repzion,,,,,,735.56812,FALSE,
UCiQ2pjcoPI-Jpo1GER7-iUA,King Crocoduck,,,,,,,FALSE,
UCrZIJrn0gcLGDW2BfF_JuGg,Godless Engineer,,,,,,,FALSE,
UCzNGEDuZOa-hA3abbWtTkUA,Viced Rhino,,,,,,,FALSE,
UCIS4cWaXgWpznjwovFYQBJQ,Paulogia,,,,,,,FALSE,
UC1SzlwfeQ_4-9LuV_00Efuw,Steve McRae,,,,,,,FALSE,
UCfZ4UMThTlXjKqEalSmdxkQ,Simon Obirek,,,,,,,FALSE,
UCzsqJV6eaQPlmaXgmYaw9kw,Tommy C's SFTP,,,,,,608.7688,FALSE,
UCWZSrMA8j9f133O8W_uPubw,Sandre the Teacher,,,,,,,FALSE,
UCbkjX3E0IhuUfPzL0FjSPaw,Rekieta Law,,,,,,,FALSE,
UCcioiEpyRVa719HkirSNzSg,Official GATG,,,,,,,FALSE,
UCTrjPBx2WY3wsd1OKmMQv8w,TylerPreston20,,,,,,,FALSE,
UCkfjL7T-jY_suS0IJDsZtTQ,Nightwave Radio,,,,,,,FALSE,
UCb0xfM3HGOsqPYNAocXXNAQ,truTV,,,,,,,FALSE,
UC16j6EppP0K85CzYMduNCqw,Roosh V,,,,,,,FALSE,
UCeM9I-20oWUs8daIIpsNHoQ,Senator Rand Paul,,,,,,,FALSE,
UCcIkGWFbMR-3vaX5dOEtNPw,Cogent,,,,,,,FALSE,
UCnYSByPVAWGOSy5c-HHKBAQ,Porsalin,,,,,,,FALSE,
UC70DBZLtHVkScdx49McB6NA,The Book Club,,,,,,,FALSE,
UCJ-vHE5CrGaL_ITEg-n3OeA,TheraminTrees,,,,,,,FALSE,
UCzd_MLszn8PYqc5Hq56qtOA,Noel Plum,,,,,,,FALSE,
UCLFlcGY4MWgBEixrF55HKew,VeryNearlyViral,,,,,,,FALSE,
UCceuqddArsKcKEXwKfKGU1w,ReyRoSho,,,,,,,FALSE,
UC577SIgTe1cjpdOSLADWNDw,MidWestly,UCfwE_ODI1YTbdjkzuSi1Nag,TheQuartering,,,,,FALSE,
UCeCV-XNeZIoHiCGfNYCLh9Q,Sandman,,,,,,,FALSE,
UC7UiChjgT_LDKcr_8NEEbMA,Brainlet,UC0aanx5rpr7D1M7KCFYzrLQ,Shoe0nHead,,,,,FALSE,
UCm045YWibxYLuNU1cz6rrrQ,black chad,UC7e57qWIEAZTQAaFwHpKdlw,SomeBlackGuy,,,,,FALSE,
UCFQPIMzJ6wD8nYv7vCdE-MQ,Uzalu,,,,,,,FALSE,
UCravYcv6C0CopL2ukVzhzNw,JaclynGlenn,,,,,,733.23413,FALSE,
UCzvoUDoDu-cKIb11rg4ODDQ,Holy Koolaid,,,,,,,FALSE,
UCgIi12EA6BQ8HKL8QUccsOQ,Telltale,,,,,,,FALSE,
UCz1w0ll081JJiYcjb298pOw,John Cedars,,,,,,,FALSE,
UCRHK7x9H5GuXwDi8gOM0hDw,Martymer 81,,,,,,,FALSE,
UCAJfDidJyukTekgSRZrjadw,AronRa,,,,,,,FALSE,
UCLhtZqdkjshgq8TqwIjMdCQ,DarkMatter2525,,,,,,,FALSE,
UCu5FNKd06zxitYJe_6RfdwA,C0ct0pus Prime,,,,,,,FALSE,
UCTERzzbGZopw5SXJJr0tPyQ,DarkAntics,,,,,,,FALSE,
UCeYP27qLtfUMY1b1Cyy3WdQ,The Thinking Atheist,,,,,,,FALSE,
UCprs0DXUS-refN1i8FkQkdg,The Atheist Experience,,,,,,,FALSE,
UCKGLZ1K7jKfi_42bHxdCBrA,"I,Hypocrite",,,,,,,FALSE,
UCXMKJkrhB1Bgw8xRaRpEa3Q,Parse the Noise,,,,,,,FALSE,
UCMRs0Ml8RF0cWVAOeQeBxTw,Dr. Edward Dutton: The Jolly Heretic,,,,,,,FALSE,
UCVT2XddlO4Hxb2fe4dVGrIQ,THAT'S THE POINT with Brandon,,,,,,,FALSE,
UC-W_DvNZoIW1433DrLBQHUQ,Scott Adams,UCfpnY5NnBl-8L7SvICuYkYQ,Real Coffee with Scott Adams,,,,,FALSE,
UCOBNx5Pdw7FZkh2oQR3i9SQ,Jesse Lee Peterson,,,,,,,FALSE,
UC7M42vQrNmZ0tnmmenLWwBA,ACLU,,,,,,,FALSE,
UCrnYMlsoyNeXuYNNh6xkv3Q,Gary Edwards,,,,,,,FALSE,
UCfYgocARmndnLrO5HHMXqrg,PhilosophiCat,,,,,,,FALSE,
UCTD9uyL2JFFe2dZhg_1k7Eg,Oakwise Reikja,,,,,,,FALSE,
UCX1QptigcsbBubVqtB1JK7g,ATTN,,,,,,,FALSE,
UCD4qMoFPUEzSn4CurFLJkIQ,Steve Shives,,,,,,,FALSE,
UCWyl5y9IKx2ktUqahAyjEHQ,Jake 333,,,,,,,FALSE,
UCo8fiE2-s0SZu6Onb8lNLMQ,TheScariestMovieEver,,,,,,,FALSE,
UCbTAyG0YJfzbwZjvTm38KJA,JoyCamp,,,,,,,FALSE,
UCbZS6DZKrp4q8IsXiKiyO-w,SkyWatch TV,,,,,,,FALSE,
UC18S2KrX6YYdQxfNb4uGUCw,Warriors for Christ,,,,,,,FALSE,
UCzaVyRJPgEgYhZDE_uIkWBw,Nicholson1968,,,,,,,FALSE,
UCJQtaCAhN4JgVTDR12oQrdw,Spy Kitten TV,,,,,,,FALSE,
UCPZiqlNI3RLyF47QTdq93GQ,Uncovered,,,,,,,FALSE,
UCxeNJdOLFPqIHjuZRpEgfTQ,Liana K,,,,,,,FALSE,
UCGDaOZg2INC0Qg2Z203F1dA,Judicial Watch,,,ManoelControl,,,,FALSE,
UCeJGFZww0__Ln7OFfeYRs4w,Compound Media,,,,,,,FALSE,
UCa5Lacw0dS1fgSb9_kkVVlg,SphereBeing Alliance,,,,,,,FALSE,
UCIC142ESUCPCNLCJUx268Rg,TheHighersideChats,,,,,,,FALSE,
UCegOTmclzjfKuQh0SHflqww,thecrowhouse,,,,,,,FALSE,
UCgqpf9YLh0UMRVmJs_eiBXw,Ian R. Crane,,,,,,,FALSE,
UCThv5tYUVaG4ZPA3p6EXZbQ,GoldSilver (w/ Mike Maloney),,,,,,,FALSE,
UCKRw8GAAtm27q4R3Q0kst_g,thejuicemedia,,,,,,,FALSE,
UCIu2MDB-z4MD7r-GwYARhgA,TheRabbitHole,,,,,,,FALSE,
UCa-bX3gZC3YnCThlGM5d38Q,The Fifth Estate (CBC),UCuFFtHWoLl5fauMMD5Ww2jA,CBC News,TV,Mainstream News,,,FALSE,
UCY-UU3bN4FkMILC-CMd8N5w,reallygraceful,,,,,,,FALSE,
UCoSbVb7GlChgrkmlGjPCZiw,Collective Evolution,,,,,,,FALSE,
UCk_uPqSuvOP8zaankyDjz7Q,Shaking My Head Productions,,,,,,,FALSE,
UCacDFHq7F2k8sAvR_D-nIWQ,Qronos16,,,,,,,FALSE,
UCQmsRRcgSIfIP-0dictumHg,Fully Sourced,,,,,,,FALSE,
UC5g3fGfwQ_9qZe5UcigRj_w,Moe Othman,,,,,,,FALSE,
UCVmlEoDSeImXV5aPz8EvP0A,Coast to Coast AM,,,,,,,FALSE,
UCXDvumKcfoqKYs1W_VKqLdA,Fade to Black Radio,,,,,,,FALSE,
UCN9WjlKBvjBIm3AWDXI1EUA,Earthfiles,,,,,,,FALSE,
UCFjOi1ZpZVErr8EYxg8t1dQ,Dahboo77,,,,,,,FALSE,
UC6d8gdVmOgimP9453Ee9miQ,Nephtali,,,,,,,FALSE,
UCdVSlmNi1uyfsgOAT_TbVyg,Black Conservative Patriot,,,,,,,FALSE,
UCaV101EM1QayFkP0E7zwXCg,South Front,,,,,,,FALSE,
UCxuTvS_SjDEmesoSKoSDnfw,Suit Yourself,,,,,,,FALSE,
UC--mKMTBMxilVT1yGSp2ZUQ,Bro Sanchez TV,,,,,,,FALSE,
UCp5hG8rt1z2MJ9aNVxY2Xdg,New Economic Thinking,,,,,,,FALSE,
UCT5KWZpslhrYKBhdCUUzr1Q,The Pholosopher,,,,,,,FALSE,
UCbQ4fbi0fy3d6Hb7q2FIATw,It'sAGundam,,,,,,,FALSE,
UCghHWRYUpbsUdcsG7PrTgzQ,Nick Di Paolo,,,,,,,FALSE,
UCswXSYM6yvFYZHZh7IrY6vw,Cognitive Thought,,,,,,,FALSE,
UCRQecYxcxGQiNsuHnoMOwGA,Omegon,,,,,,,FALSE,
UCre2GibO9Vdb3C59VzDsFxQ,Mat Best,,,,,,,FALSE,
UCXKjhxsfFQUqlNVQzLVnpEA,FiveThirtyEight,,,,,,,FALSE,
UCH1oRy1dINbMVp3UFWrKP0w,Good Morning America,,,Mainstream News,,,,FALSE,
UC-SJ6nODDmufqBzPBwCvYvQ,CBS This Morning,UC8p1vwvWtl6T73JiExfWs1g,CBS News,Mainstream News,,,,FALSE,
UCAeWdyKJXGWmVAXFpgLNNTg,CBS Evening News,UC8p1vwvWtl6T73JiExfWs1g,CBS News,Mainstream News,,,,FALSE,
UCsN32BtMd0IoByjJRNF12cw,60 MInutes,,,Mainstream News,,,,FALSE,
UC2x_qNZXKDxNP1j4jvHATRQ,Face the Nation,UC8p1vwvWtl6T73JiExfWs1g,CBS News,Mainstream News,,,,FALSE,
UCVT1tPkR-fUVlO652EcO3ow,CBS Sunday Morning,UC8p1vwvWtl6T73JiExfWs1g,CBS News,Mainstream News,,,,FALSE,
UC7htuVs06oduI3xSfTdcxPA,48 Hours,UC8p1vwvWtl6T73JiExfWs1g,CBS News,Mainstream News,,,,FALSE,
UC86dbj-lbDks_hZ5gRKL49Q,AFP,,,Mainstream News,,,,FALSE,
UC2a35q7eyzkfoIusBzdH4Hw,Newsweek,,,,,,,FALSE,
UCB2aea_wLJJaklTOplAC82A,Chicago Tribune,,,Mainstream News,,,,FALSE,
UCcNkwfTQuXAxAFwoAUHweJA,Boston Globe,,,Mainstream News,,,,FALSE,
UC4unV5BVmWubfAF0Al_AVdw,Syrian Girl,,,,,,,FALSE,
UC2-i3KuYoODXsM99Z3-Gm0A,Friendly Jordies,,,,,,,FALSE,
UCs84giQmEVI8NXXg78Fvk2g,Carey Welder,,,,,,,FALSE,
UCmZ94fbKKGoBDY_g4hzR-MA,Brave the World,,,,,,,FALSE,
UCjbgKUcTjpxmuW-8U0LR80Q,Independent Man,,,,,,,FALSE,
UCb9DL5O8lBJpplCOqYJEJWg,BASSFZz,,,,,,,FALSE,
UCjj9EnVJUY7pTkP5MX8F9gQ,Jay Smooth,,,,,,,FALSE,
UCh2UY1hxlMr4_7Az_iQ82HQ,The Michael Brooks Show,,,,,,,FALSE,
UC07F26kHKkpW_qqvXzEGALA,Randy Rainbow,,,,,,,FALSE,
UCGOA_DW3sgXO_c9hDc92SZw,Alternative Facts,,,,,,,FALSE,
UChBD4NpITiW2CzIz5GwppDA,Maggie May Fish,,,,,,,FALSE,
UCWZ3HFiJkxG1K8C4HVnyBvQ,Vic Berger,,,,,,,FALSE,
UCJm5yR1KFcysl_0I3x-iReg,Laci Green,,,,,,,FALSE,
UCTdvpZLANeVfpckUBQD7lCQ,Christian Science Monitor,,,,,,,FALSE,
UCww9VDOBh5hfnsN6pPE6NpA,Girl Defined,,,,,,,FALSE,
UC9cn0TuPq4dnbTY-CBsm8XA,a16z,,,,,,,FALSE,
UCdUdP5BeOsua_j3u-0ZbL5w,ThinkTank,UC1yBKRuGpC1tSM73A0ZjYjQ,The Young Turks,,,,,FALSE,
UCfpnY5NnBl-8L7SvICuYkYQ,Real Coffee with Scott Adams,UC-W_DvNZoIW1433DrLBQHUQ,Scott Adams,,,,,FALSE,
UCeaxf_xQYP0gai9tE7iok-A,The Moore Show,,,,,,,FALSE,
UCeY3vg1r0KrvuyPOi7T39eA,Alexander Grace,,,,,,,FALSE,
UCu3m8kI80rCTg9UAqO0_0bA,Georgia Free,,,,,,,FALSE,
UC1E-JS8L0j1Ei70D9VEFrPQ,Vaush,,,,,,,FALSE,
UCznv7Vf9nBdJYvBagFdAHWw,Tim Ferriss,,,,,,,FALSE,
UCSmOl7Hau-YX2VKfz1CMAZQ,Current Affairs,,,,,,,FALSE,
UCeHHAF22PljrnnjskZeljmg,GOOD Magazine,,,ManoelControl,,,,FALSE,
UCYC4ijpFZY_CtdElWFyy-Gg,Slate,,,ManoelControl,,,,FALSE,
UCWGljB8djPusdaKtVx1UKfg,UPROXX Video,,,ManoelControl,,,,FALSE,
UC4WdIJ_D_lJb87uE3JV5SgQ,RELEVANT,,,ManoelControl,,,,FALSE,
UCe2PK9vNxfogdvkx4jqB8uQ,Vocativ,,,ManoelControl,,,,FALSE,
UCw-kH-Od73XDAt7qtH9uBYA,World Economic Forum,,,ManoelControl,,,,FALSE,
UCg3_C7BwcV0kBlJbBFHTPJQ,Global Citizen,,,ManoelControl,,,,FALSE,
UCx-h2AWPCBJEqzH9HXe2ZIA,New York Daily News,,,ManoelControl,Mainstream News,,,FALSE,
UCoMdktPbSTixAyNGwb-UYkQ,Sky News,,,ManoelControl,Mainstream News,,,FALSE,
UCKY1msUI1iVtnKHPaLOsiQg,Yahoo News,,,ManoelControl,Mainstream News,,,FALSE,
UC8Ioh4atNDO5a0Vy2qFmauQ,NTDTV,,,ManoelControl,Mainstream News,,,FALSE,
UCZr49eSL2aHQ_41476IrkbA,NRA,,,ManoelControl,,,,FALSE,
UCCWWa1QhqNh8BHapTj3cBWQ,Chandler Crump,,,,,,,FALSE,
UCAR0Oi4L0Om4F26uwpANgCg,1000frolly PhD,,,,,,,FALSE,
UCbJg2U82-8ucpaiS-41jK3g,Joey Saladino,,,,,,,FALSE,
UCTOimflPhFe_NSQsIsak-Lw,Barely Informed with Elad,,,,,,,FALSE,
UCKRoXz3hHAu2XL_k3Ef4vJQ,Crooked Media,,,,,,,FALSE,
UC2qD7NXtLKNKaUsWHYHD6uw,Nicole's View,,,BlackLawsuit,,,,FALSE,
UCw_7ZC5UZfZ2VggC_KQgqEw,True Royal Family,,,BlackLawsuit,,,,FALSE,
UCvy2CoZsXKbkPVG9BiTSH6A,Carmen CaBoom,,,BlackLawsuit,,,,FALSE,
UCcTzK_2JDmFYGnUiaUleQYg,Lisa Cabrera,,,BlackLawsuit,,,,FALSE,
,,,,,,,,FALSE,
,,,,,,,,FALSE,
,,,,,,,,FALSE,
,,,,,,,,FALSE,
,,,,,,,,FALSE,
,,,,,,,,FALSE,
,,,,,,,,FALSE,
,,,,,,,,FALSE,